ip_address,city,region,country,location_latitude,location_longitude,postal_code,timezone
1.0.0.0,Sydney,New South Wales,AU,-33.86785,151.20732,1001,Australia/Sydney
1.0.1.0,Xiamen,Fujian,CN,24.47979,118.08187,361000,Asia/Shanghai
1.0.4.0,Melbourne,Victoria,AU,-37.814,144.96332,3000,Australia/Melbourne
1.0.8.0,Shenzhen,Guangdong,CN,22.54554,114.0683,518000,Asia/Shanghai
1.0.16.0,Tokyo,Tokyo,JP,35.6895,139.69171,101-8656,Asia/Tokyo
1.0.16.14,Asagaya-minami,Tokyo,JP,35.70206,139.63745,166-0000,Asia/Tokyo
1.0.16.15,Tokyo,Tokyo,JP,35.6895,139.69171,101-8656,Asia/Tokyo
1.0.17.0,Asagaya-minami,Tokyo,JP,35.70206,139.63745,166-0000,Asia/Tokyo
1.0.32.0,Shenzhen,Guangdong,CN,22.54554,114.0683,518000,Asia/Shanghai
1.0.64.0,Hiroshima,Hiroshima,JP,34.4,132.45,730-0011,Asia/Tokyo
1.0.80.16,Hōfu,Yamaguchi,JP,34.05,131.56667,747-0034,Asia/Tokyo
1.0.80.20,Yonago,Tottori,JP,35.43333,133.33333,683-0041,Asia/Tokyo
1.0.80.22,Hōfu,Yamaguchi,JP,34.05,131.56667,747-0034,Asia/Tokyo
1.0.80.32,Matsue,Shimane,JP,35.48333,133.05,690-0801,Asia/Tokyo
1.0.80.36,Ube,Yamaguchi,JP,33.94306,131.25111,752-0923,Asia/Tokyo
1.0.80.40,Hiroshima,Hiroshima,JP,34.4,132.45,730-0011,Asia/Tokyo
1.0.80.43,Matsue,Shimane,JP,35.48333,133.05,690-0801,Asia/Tokyo
1.0.80.44,Tottori-shi,Tottori,JP,35.5,134.23333,680-0013,Asia/Tokyo
1.0.80.46,Hiroshima,Hiroshima,JP,34.4,132.45,730-0011,Asia/Tokyo
1.0.80.48,Tottori-shi,Tottori,JP,35.5,134.23333,680-0013,Asia/Tokyo
1.0.80.52,Ube,Yamaguchi,JP,33.94306,131.25111,752-0923,Asia/Tokyo
1.0.80.54,Hiroshima,Hiroshima,JP,34.4,132.45,730-0011,Asia/Tokyo
1.0.80.56,Yamaguchi,Yamaguchi,JP,34.18333,131.46667,800-0336,Asia/Tokyo
1.0.80.58,Hiroshima,Hiroshima,JP,34.4,132.45,730-0011,Asia/Tokyo
1.0.80.60,Ube,Yamaguchi,JP,33.94306,131.25111,752-0923,Asia/Tokyo
1.0.80.64,Hōfu,Yamaguchi,JP,34.05,131.56667,747-0034,Asia/Tokyo
1.0.80.80,Matsue,Shimane,JP,35.48333,133.05,690-0801,Asia/Tokyo
1.0.80.88,Ube,Yamaguchi,JP,33.94306,131.25111,752-0923,Asia/Tokyo
1.0.80.93,Hiroshima,Hiroshima,JP,34.4,132.45,730-0011,Asia/Tokyo
1.0.80.96,Matsue,Shimane,JP,35.48333,133.05,690-0801,Asia/Tokyo
1.0.80.112,Ube,Yamaguchi,JP,33.94306,131.25111,752-0923,Asia/Tokyo
1.0.80.113,Matsue,Shimane,JP,35.48333,133.05,690-0801,Asia/Tokyo
1.0.80.114,Hiroshima,Hiroshima,JP,34.4,132.45,730-0011,Asia/Tokyo
1.0.80.117,Ube,Yamaguchi,JP,33.94306,131.25111,752-0923,Asia/Tokyo
1.0.80.118,Hiroshima,Hiroshima,JP,34.4,132.45,730-0011,Asia/Tokyo
1.0.80.120,Tottori-shi,Tottori,JP,35.5,134.23333,680-0013,Asia/Tokyo
1.0.80.122,Ube,Yamaguchi,JP,33.94306,131.25111,752-0923,Asia/Tokyo
1.0.80.124,Hiroshima,Hiroshima,JP,34.4,132.45,730-0011,Asia/Tokyo
1.0.80.128,Matsue,Shimane,JP,35.48333,133.05,690-0801,Asia/Tokyo
1.0.80.136,Yonago,Tottori,JP,35.43333,133.33333,683-0041,Asia/Tokyo
1.0.80.137,Matsue,Shimane,JP,35.48333,133.05,690-0801,Asia/Tokyo
1.0.80.160,Yamaguchi,Yamaguchi,JP,34.18333,131.46667,800-0336,Asia/Tokyo
1.0.80.162,Izumo,Shimane,JP,35.36667,132.76667,693-0001,Asia/Tokyo
1.0.80.164,Ube,Yamaguchi,JP,33.94306,131.25111,752-0923,Asia/Tokyo
1.0.80.168,Yonago,Tottori,JP,35.43333,133.33333,683-0041,Asia/Tokyo
1.0.80.170,Matsue,Shimane,JP,35.48333,133.05,690-0801,Asia/Tokyo
1.0.80.172,Hiroshima,Hiroshima,JP,34.4,132.45,730-0011,Asia/Tokyo
1.0.80.176,Onoda,Yamaguchi,JP,34.00139,131.18361,756-0817,Asia/Tokyo
1.0.80.180,Ube,Yamaguchi,JP,33.94306,131.25111,752-0923,Asia/Tokyo
1.0.80.188,Matsue,Shimane,JP,35.48333,133.05,690-0801,Asia/Tokyo
1.0.80.192,Ube,Yamaguchi,JP,33.94306,131.25111,752-0923,Asia/Tokyo
1.0.80.196,Hiroshima,Hiroshima,JP,34.4,132.45,730-0011,Asia/Tokyo
1.0.80.198,Ube,Yamaguchi,JP,33.94306,131.25111,752-0923,Asia/Tokyo
1.0.80.200,Tottori-shi,Tottori,JP,35.5,134.23333,680-0013,Asia/Tokyo
1.0.80.204,Yura,Tottori,JP,35.48333,133.75,689-2208,Asia/Tokyo
1.0.80.206,Tottori-shi,Tottori,JP,35.5,134.23333,680-0013,Asia/Tokyo
1.0.80.252,Matsue,Shimane,JP,35.48333,133.05,690-0801,Asia/Tokyo
1.0.81.0,Tottori-shi,Tottori,JP,35.5,134.23333,680-0013,Asia/Tokyo
1.0.81.14,Matsue,Shimane,JP,35.48333,133.05,690-0801,Asia/Tokyo
1.0.81.16,Tottori-shi,Tottori,JP,35.5,134.23333,680-0013,Asia/Tokyo
1.0.81.90,Matsue,Shimane,JP,35.48333,133.05,690-0801,Asia/Tokyo
1.0.81.92,Tottori-shi,Tottori,JP,35.5,134.23333,680-0013,Asia/Tokyo
1.0.81.96,Hiroshima,Hiroshima,JP,34.4,132.45,730-0011,Asia/Tokyo
1.0.81.104,Ube,Yamaguchi,JP,33.94306,131.25111,752-0923,Asia/Tokyo
1.0.81.105,Hiroshima,Hiroshima,JP,34.4,132.45,730-0011,Asia/Tokyo
1.0.81.110,Ube,Yamaguchi,JP,33.94306,131.25111,752-0923,Asia/Tokyo
1.0.81.118,Hiezu,Tottori,JP,35.44021,133.38079,689-3553,Asia/Tokyo
1.0.81.120,Ube,Yamaguchi,JP,33.94306,131.25111,752-0923,Asia/Tokyo
1.0.81.128,Tottori-shi,Tottori,JP,35.5,134.23333,680-0013,Asia/Tokyo
1.0.81.132,Kudamatsu,Yamaguchi,JP,34.00964,131.86637,744-0000,Asia/Tokyo
1.0.81.136,Ube,Yamaguchi,JP,33.94306,131.25111,752-0923,Asia/Tokyo
1.0.81.144,Tottori-shi,Tottori,JP,35.5,134.23333,680-0013,Asia/Tokyo
1.0.81.152,Ube,Yamaguchi,JP,33.94306,131.25111,752-0923,Asia/Tokyo
1.0.81.156,Kurayoshi,Tottori,JP,35.43333,133.81667,682-0401,Asia/Tokyo
1.0.81.160,Hiroshima,Hiroshima,JP,34.4,132.45,730-0011,Asia/Tokyo
1.0.81.164,Yamaguchi,Yamaguchi,JP,34.18333,131.46667,800-0336,Asia/Tokyo
1.0.81.172,Tottori-shi,Tottori,JP,35.5,134.23333,680-0013,Asia/Tokyo
1.0.81.176,Yamaguchi,Yamaguchi,JP,34.18333,131.46667,800-0336,Asia/Tokyo
1.0.81.206,Matsue,Shimane,JP,35.48333,133.05,690-0801,Asia/Tokyo
1.0.81.208,Hiroshima,Hiroshima,JP,34.4,132.45,730-0011,Asia/Tokyo
1.0.81.212,Izumo,Shimane,JP,35.36667,132.76667,693-0001,Asia/Tokyo
1.0.81.216,Hiroshima,Hiroshima,JP,34.4,132.45,730-0011,Asia/Tokyo
1.0.81.222,Yamaguchi,Yamaguchi,JP,34.18333,131.46667,800-0336,Asia/Tokyo
1.0.81.224,Yonago,Tottori,JP,35.43333,133.33333,683-0041,Asia/Tokyo
1.0.81.232,Yamaguchi,Yamaguchi,JP,34.18333,131.46667,800-0336,Asia/Tokyo
1.0.81.240,Matsue,Shimane,JP,35.48333,133.05,690-0801,Asia/Tokyo
1.0.81.242,Yamaguchi,Yamaguchi,JP,34.18333,131.46667,800-0336,Asia/Tokyo
1.0.81.244,Matsue,Shimane,JP,35.48333,133.05,690-0801,Asia/Tokyo
1.0.82.13,Yamaguchi,Yamaguchi,JP,34.18333,131.46667,800-0336,Asia/Tokyo
1.0.82.14,Matsue,Shimane,JP,35.48333,133.05,690-0801,Asia/Tokyo
1.0.82.36,Shimonoseki,Yamaguchi,JP,33.95548,130.93713,750-0000,Asia/Tokyo
1.0.82.38,Matsue,Shimane,JP,35.48333,133.05,690-0801,Asia/Tokyo
1.0.82.80,Hiroshima,Hiroshima,JP,34.4,132.45,730-0011,Asia/Tokyo
1.0.82.96,Matsue,Shimane,JP,35.48333,133.05,690-0801,Asia/Tokyo
1.0.82.98,Yonago,Tottori,JP,35.43333,133.33333,683-0041,Asia/Tokyo
1.0.82.100,Matsue,Shimane,JP,35.48333,133.05,690-0801,Asia/Tokyo
1.0.82.112,Hiroshima,Hiroshima,JP,34.4,132.45,730-0011,Asia/Tokyo
1.0.82.114,Yamaguchi,Yamaguchi,JP,34.18333,131.46667,800-0336,Asia/Tokyo
1.0.82.116,Hiroshima,Hiroshima,JP,34.4,132.45,730-0011,Asia/Tokyo
1.0.82.120,Tottori-shi,Tottori,JP,35.5,134.23333,680-0013,Asia/Tokyo